<?xml version="1.0" encoding="UTF-8"?>
<project version="4">
  <component name="ChangeListManager">
    <list default="true" id="bd59e6f0-93ca-43d6-859a-1cae8ee1986e" name="Default" comment="" />
    <ignored path="TankGameWebsite.iws" />
    <ignored path=".idea/workspace.xml" />
    <option name="EXCLUDED_CONVERTED_TO_IGNORED" value="true" />
    <option name="TRACKING_ENABLED" value="true" />
    <option name="SHOW_DIALOG" value="false" />
    <option name="HIGHLIGHT_CONFLICTS" value="true" />
    <option name="HIGHLIGHT_NON_ACTIVE_CHANGELIST" value="false" />
    <option name="LAST_RESOLUTION" value="IGNORE" />
  </component>
  <component name="ChangesViewManager" flattened_view="true" show_ignored="false" />
  <component name="CreatePatchCommitExecutor">
    <option name="PATCH_PATH" value="" />
  </component>
  <component name="ExecutionTargetManager" SELECTED_TARGET="default_target" />
  <component name="FavoritesManager">
    <favorites_list name="TankGameWebsite" />
  </component>
  <component name="FileEditorManager">
    <leaf>
      <file leaf-file-name="wiki.html" pinned="false" current-in-tab="false">
        <entry file="file://$PROJECT_DIR$/wiki.html">
          <provider selected="true" editor-type-id="text-editor">
            <state vertical-scroll-proportion="-12.538462">
              <caret line="67" column="17" selection-start-line="67" selection-start-column="17" selection-end-line="67" selection-end-column="17" />
              <folding />
            </state>
          </provider>
        </entry>
      </file>
      <file leaf-file-name="info.html" pinned="false" current-in-tab="true">
        <entry file="file://$PROJECT_DIR$/info.html">
          <provider selected="true" editor-type-id="text-editor">
            <state vertical-scroll-proportion="0.5972927">
              <caret line="25" column="0" selection-start-line="25" selection-start-column="0" selection-end-line="25" selection-end-column="0" />
              <folding>
                <element signature="n#nav#0;n#body#0;n#html#0;n#!!top" expanded="false" />
              </folding>
            </state>
          </provider>
        </entry>
      </file>
      <file leaf-file-name="default.html" pinned="false" current-in-tab="false">
        <entry file="file://$PROJECT_DIR$/info/default.html">
          <provider selected="true" editor-type-id="text-editor">
            <state vertical-scroll-proportion="-7.8461537">
              <caret line="12" column="71" selection-start-line="12" selection-start-column="71" selection-end-line="12" selection-end-column="71" />
              <folding />
            </state>
          </provider>
        </entry>
      </file>
      <file leaf-file-name="home.html" pinned="false" current-in-tab="false">
        <entry file="file://$PROJECT_DIR$/home.html">
          <provider selected="true" editor-type-id="text-editor">
            <state vertical-scroll-proportion="-13.576923">
              <caret line="90" column="58" selection-start-line="90" selection-start-column="58" selection-end-line="90" selection-end-column="58" />
              <folding>
                <element signature="n#style#0;n#h1#0;n#div#0;n#div#0;n#body#0;n#html#0;n#!!top" expanded="true" />
                <element signature="n#style#0;n#P#0;n#div#0;n#div#1;n#div#0;n#body#0;n#html#0;n#!!top" expanded="true" />
                <element signature="n#style#0;n#P#1;n#div#0;n#div#1;n#div#0;n#body#0;n#html#0;n#!!top" expanded="true" />
                <element signature="n#style#0;n#p#0;n#div#0;n#div#1;n#div#0;n#body#0;n#html#0;n#!!top" expanded="true" />
              </folding>
            </state>
          </provider>
        </entry>
      </file>
      <file leaf-file-name="default.html" pinned="false" current-in-tab="false">
        <entry file="file://$PROJECT_DIR$/wiki/default.html">
          <provider selected="true" editor-type-id="text-editor">
            <state vertical-scroll-proportion="-3.9230769">
              <caret line="6" column="14" selection-start-line="6" selection-start-column="14" selection-end-line="6" selection-end-column="14" />
              <folding />
            </state>
          </provider>
        </entry>
      </file>
    </leaf>
  </component>
  <component name="FileTemplateManagerImpl">
    <option name="RECENT_TEMPLATES">
      <list>
        <option value="CSS File" />
        <option value="Html5" />
      </list>
    </option>
  </component>
  <component name="IdeDocumentHistory">
    <option name="CHANGED_PATHS">
      <list>
        <option value="$PROJECT_DIR$/TankGame/home.html" />
        <option value="$PROJECT_DIR$/TankGame/About/about.html" />
        <option value="$PROJECT_DIR$/css/index-styles.css" />
        <option value="$PROJECT_DIR$/implementation.html" />
        <option value="$PROJECT_DIR$/about.html" />
        <option value="$PROJECT_DIR$/wiki/Obstacles.html" />
        <option value="$PROJECT_DIR$/wiki/Collectibles.html" />
        <option value="$PROJECT_DIR$/info/server/joining.html" />
        <option value="$PROJECT_DIR$/info/server/incitation.html" />
        <option value="$PROJECT_DIR$/info/server/progression.html" />
        <option value="$PROJECT_DIR$/info/server/moving_shooting.html" />
        <option value="$PROJECT_DIR$/info/server/Acquiring _coins.html" />
        <option value="E:/Downloads/Web Assigment/Web Assigment/WebAss 01.html" />
        <option value="$PROJECT_DIR$/info/server/game_incitation.html" />
        <option value="$PROJECT_DIR$/gallery.html" />
        <option value="$PROJECT_DIR$/css/para-style.css" />
        <option value="$PROJECT_DIR$/wiki/game_ending.html" />
        <option value="$PROJECT_DIR$/wiki/bullets.html" />
        <option value="$PROJECT_DIR$/wiki/collectibles.html" />
        <option value="$PROJECT_DIR$/wiki/obstacles.html" />
        <option value="$PROJECT_DIR$/wiki/overview.html" />
        <option value="$PROJECT_DIR$/wiki/points.html" />
        <option value="$PROJECT_DIR$/wiki/tanks.html" />
        <option value="$PROJECT_DIR$/info/client/moving_shooting.html" />
        <option value="$PROJECT_DIR$/info/server/acquiring _coins.html" />
        <option value="$PROJECT_DIR$/info/server/acquiring_life_packs.html" />
        <option value="$PROJECT_DIR$/info/server/game_initiation.html" />
        <option value="$PROJECT_DIR$/info/server/game_joining.html" />
        <option value="$PROJECT_DIR$/info/server/game_progression.html" />
        <option value="$PROJECT_DIR$/info/server/architecture.html" />
        <option value="$PROJECT_DIR$/css/simple-sidebar.css" />
        <option value="$PROJECT_DIR$/index.html" />
        <option value="$PROJECT_DIR$/info.html" />
        <option value="$PROJECT_DIR$/wiki/default.html" />
        <option value="$PROJECT_DIR$/wiki.html" />
        <option value="$PROJECT_DIR$/home.html" />
        <option value="$PROJECT_DIR$/info/default.html" />
      </list>
    </option>
  </component>
  <component name="JsBuildToolGruntFileManager" detection-done="true" />
  <component name="JsGulpfileManager">
    <detection-done>true</detection-done>
  </component>
  <component name="NamedScopeManager">
    <order />
  </component>
  <component name="ProjectFrameBounds">
    <option name="x" value="-8" />
    <option name="y" value="-8" />
    <option name="width" value="1382" />
    <option name="height" value="754" />
  </component>
  <component name="ProjectLevelVcsManager" settingsEditedManually="false">
    <OptionsSetting value="true" id="Add" />
    <OptionsSetting value="true" id="Remove" />
    <OptionsSetting value="true" id="Checkout" />
    <OptionsSetting value="true" id="Update" />
    <OptionsSetting value="true" id="Status" />
    <OptionsSetting value="true" id="Edit" />
    <ConfirmationsSetting value="0" id="Add" />
    <ConfirmationsSetting value="0" id="Remove" />
  </component>
  <component name="ProjectView">
    <navigator currentView="ProjectPane" proportions="" version="1">
      <flattenPackages />
      <showMembers />
      <showModules />
      <showLibraryContents />
      <hideEmptyPackages />
      <abbreviatePackageNames />
      <autoscrollToSource />
      <autoscrollFromSource />
      <sortByType />
    </navigator>
    <panes>
      <pane id="Scratches" />
      <pane id="ProjectPane">
        <subPane>
          <PATH>
            <PATH_ELEMENT>
              <option name="myItemId" value="TankGameWebsite" />
              <option name="myItemType" value="com.intellij.ide.projectView.impl.nodes.ProjectViewProjectNode" />
            </PATH_ELEMENT>
          </PATH>
          <PATH>
            <PATH_ELEMENT>
              <option name="myItemId" value="TankGameWebsite" />
              <option name="myItemType" value="com.intellij.ide.projectView.impl.nodes.ProjectViewProjectNode" />
            </PATH_ELEMENT>
            <PATH_ELEMENT>
              <option name="myItemId" value="TankGameWebsite" />
              <option name="myItemType" value="com.intellij.ide.projectView.impl.nodes.PsiDirectoryNode" />
            </PATH_ELEMENT>
          </PATH>
        </subPane>
      </pane>
      <pane id="Scope">
        <subPane subId="Project Files">
          <PATH>
            <PATH_ELEMENT USER_OBJECT="Root">
              <option name="myItemId" value="" />
              <option name="myItemType" value="" />
            </PATH_ELEMENT>
            <PATH_ELEMENT USER_OBJECT="TankGameWebsite">
              <option name="myItemId" value="" />
              <option name="myItemType" value="" />
            </PATH_ELEMENT>
          </PATH>
          <PATH>
            <PATH_ELEMENT USER_OBJECT="Root">
              <option name="myItemId" value="" />
              <option name="myItemType" value="" />
            </PATH_ELEMENT>
            <PATH_ELEMENT USER_OBJECT="TankGameWebsite">
              <option name="myItemId" value="" />
              <option name="myItemType" value="" />
            </PATH_ELEMENT>
            <PATH_ELEMENT USER_OBJECT="wiki">
              <option name="myItemId" value="" />
              <option name="myItemType" value="" />
            </PATH_ELEMENT>
          </PATH>
        </subPane>
      </pane>
    </panes>
  </component>
  <component name="PropertiesComponent">
    <property name="settings.editor.selected.configurable" value="preferences.externalTools" />
    <property name="settings.editor.splitter.proportion" value="0.2" />
    <property name="WebServerToolWindowFactoryState" value="false" />
    <property name="HbShouldOpenHtmlAsHb" value="" />
    <property name="DefaultHtmlFileTemplate" value="Html5" />
    <property name="list.type.of.created.stylesheet" value="CSS" />
    <property name="recentsLimit" value="5" />
    <property name="FullScreen" value="false" />
    <property name="last_opened_file_path" value="$PROJECT_DIR$" />
  </component>
  <component name="RecentsManager">
    <key name="CopyFile.RECENT_KEYS">
      <recent name="E:\Documents\Programming\WebstormProjects\TankGameWebsite\img" />
      <recent name="E:\Documents\Programming\WebstormProjects\TankGameWebsite" />
    </key>
    <key name="MoveFile.RECENT_KEYS">
      <recent name="E:\Documents\Programming\WebstormProjects\TankGameWebsite\info\client" />
      <recent name="E:\Documents\Programming\WebstormProjects\TankGameWebsite" />
      <recent name="E:\Documents\Programming\WebstormProjects\TankGameWebsite\TankGame" />
    </key>
  </component>
  <component name="RunManager" selected="JavaScript Debug.index.html">
    <configuration default="false" name="home.html" type="JavascriptDebugType" factoryName="JavaScript Debug" temporary="true" nameIsGenerated="true" uri="http://localhost:63342/TankGameWebsite/home.html">
      <method />
    </configuration>
    <configuration default="false" name="index.html" type="JavascriptDebugType" factoryName="JavaScript Debug" temporary="true" nameIsGenerated="true" uri="http://localhost:63342/TankGameWebsite/index.html">
      <method />
    </configuration>
    <configuration default="true" type="DartCommandLineRunConfigurationType" factoryName="Dart Command Line Application">
      <method />
    </configuration>
    <configuration default="true" type="DartUnitRunConfigurationType" factoryName="DartUnit">
      <method />
    </configuration>
    <configuration default="true" type="JavaScriptTestRunnerKarma" factoryName="Karma" config-file="">
      <envs />
      <method />
    </configuration>
    <configuration default="true" type="JavascriptDebugType" factoryName="JavaScript Debug">
      <method />
    </configuration>
    <configuration default="true" type="JsTestDriver-test-runner" factoryName="JsTestDriver">
      <setting name="configLocationType" value="CONFIG_FILE" />
      <setting name="settingsFile" value="" />
      <setting name="serverType" value="INTERNAL" />
      <setting name="preferredDebugBrowser" value="Chrome" />
      <method />
    </configuration>
    <configuration default="true" type="NodeJSConfigurationType" factoryName="Node.js" working-dir="">
      <method />
    </configuration>
    <configuration default="true" type="cucumber.js" factoryName="Cucumber.js">
      <option name="cucumberJsArguments" value="" />
      <option name="executablePath" />
      <option name="filePath" />
      <method />
    </configuration>
    <configuration default="true" type="js.build_tools.gulp" factoryName="Gulp.js">
      <node-options />
      <gulpfile />
      <tasks />
      <arguments />
      <pass-parent-envs>true</pass-parent-envs>
      <envs />
      <method />
    </configuration>
    <list size="2">
      <item index="0" class="java.lang.String" itemvalue="JavaScript Debug.home.html" />
      <item index="1" class="java.lang.String" itemvalue="JavaScript Debug.index.html" />
    </list>
    <recent_temporary>
      <list size="2">
        <item index="0" class="java.lang.String" itemvalue="JavaScript Debug.index.html" />
        <item index="1" class="java.lang.String" itemvalue="JavaScript Debug.home.html" />
      </list>
    </recent_temporary>
  </component>
  <component name="ShelveChangesManager" show_recycled="false" />
  <component name="SvnConfiguration">
    <configuration>C:\Users\Yasas\AppData\Roaming\Subversion</configuration>
  </component>
  <component name="TaskManager">
    <task active="true" id="Default" summary="Default task">
      <changelist id="bd59e6f0-93ca-43d6-859a-1cae8ee1986e" name="Default" comment="" />
      <created>1445934010896</created>
      <option name="number" value="Default" />
      <updated>1445934010896</updated>
    </task>
    <servers />
  </component>
  <component name="ToolWindowManager">
    <frame x="-8" y="-8" width="1382" height="754" extended-state="6" />
    <editor active="false" />
    <layout>
      <window_info id="Project" active="true" anchor="left" auto_hide="false" internal_type="DOCKED" type="DOCKED" visible="true" weight="0.18374817" sideWeight="0.5" order="1" side_tool="false" content_ui="combo" />
      <window_info id="TODO" active="false" anchor="bottom" auto_hide="false" internal_type="DOCKED" type="DOCKED" visible="false" weight="0.33" sideWeight="0.5" order="10" side_tool="false" content_ui="tabs" />
      <window_info id="Event Log" active="false" anchor="bottom" auto_hide="false" internal_type="DOCKED" type="DOCKED" visible="false" weight="0.32861635" sideWeight="0.5" order="0" side_tool="true" content_ui="tabs" />
      <window_info id="Application Servers" active="false" anchor="bottom" auto_hide="false" internal_type="DOCKED" type="DOCKED" visible="false" weight="0.33" sideWeight="0.5" order="1" side_tool="false" content_ui="tabs" />
      <window_info id="Version Control" active="false" anchor="bottom" auto_hide="false" internal_type="DOCKED" type="DOCKED" visible="false" weight="0.33" sideWeight="0.5" order="2" side_tool="false" content_ui="tabs" />
      <window_info id="Run" active="false" anchor="bottom" auto_hide="false" internal_type="DOCKED" type="DOCKED" visible="false" weight="0.33" sideWeight="0.5" order="6" side_tool="false" content_ui="tabs" />
      <window_info id="Structure" active="false" anchor="left" auto_hide="false" internal_type="DOCKED" type="DOCKED" visible="false" weight="0.25" sideWeight="0.5" order="2" side_tool="false" content_ui="tabs" />
      <window_info id="Terminal" active="false" anchor="bottom" auto_hide="false" internal_type="DOCKED" type="DOCKED" visible="false" weight="0.33" sideWeight="0.5" order="3" side_tool="false" content_ui="tabs" />
      <window_info id="Favorites" active="false" anchor="left" auto_hide="false" internal_type="DOCKED" type="DOCKED" visible="false" weight="0.33" sideWeight="0.5" order="0" side_tool="true" content_ui="tabs" />
      <window_info id="Debug" active="false" anchor="bottom" auto_hide="false" internal_type="DOCKED" type="DOCKED" visible="false" weight="0.4" sideWeight="0.5" order="7" side_tool="false" content_ui="tabs" />
      <window_info id="Cvs" active="false" anchor="bottom" auto_hide="false" internal_type="DOCKED" type="DOCKED" visible="false" weight="0.25" sideWeight="0.5" order="8" side_tool="false" content_ui="tabs" />
      <window_info id="Message" active="false" anchor="bottom" auto_hide="false" internal_type="DOCKED" type="DOCKED" visible="false" weight="0.33" sideWeight="0.5" order="4" side_tool="false" content_ui="tabs" />
      <window_info id="Commander" active="false" anchor="right" auto_hide="false" internal_type="SLIDING" type="SLIDING" visible="false" weight="0.4" sideWeight="0.5" order="0" side_tool="false" content_ui="tabs" />
      <window_info id="Inspection" active="false" anchor="bottom" auto_hide="false" internal_type="DOCKED" type="DOCKED" visible="false" weight="0.4" sideWeight="0.5" order="9" side_tool="false" content_ui="tabs" />
      <window_info id="Hierarchy" active="false" anchor="right" auto_hide="false" internal_type="DOCKED" type="DOCKED" visible="false" weight="0.25" sideWeight="0.5" order="2" side_tool="false" content_ui="combo" />
      <window_info id="Find" active="false" anchor="bottom" auto_hide="false" internal_type="DOCKED" type="DOCKED" visible="false" weight="0.32946146" sideWeight="0.5" order="5" side_tool="false" content_ui="tabs" />
      <window_info id="Ant Build" active="false" anchor="right" auto_hide="false" internal_type="DOCKED" type="DOCKED" visible="false" weight="0.25" sideWeight="0.5" order="1" side_tool="false" content_ui="tabs" />
    </layout>
  </component>
  <component name="Vcs.Log.UiProperties">
    <option name="RECENTLY_FILTERED_USER_GROUPS">
      <collection />
    </option>
    <option name="RECENTLY_FILTERED_BRANCH_GROUPS">
      <collection />
    </option>
  </component>
  <component name="VcsContentAnnotationSettings">
    <option name="myLimit" value="2678400000" />
  </component>
  <component name="XDebuggerManager">
    <breakpoint-manager />
    <watches-manager />
  </component>
  <component name="editorHistoryManager">
    <entry file="file://$PROJECT_DIR$/wiki/game_ending.html">
      <provider selected="true" editor-type-id="text-editor">
        <state vertical-scroll-proportion="0.0">
          <caret line="12" column="3" selection-start-line="12" selection-start-column="3" selection-end-line="12" selection-end-column="3" />
        </state>
      </provider>
    </entry>
    <entry file="file://$PROJECT_DIR$/wiki/obstacles.html">
      <provider selected="true" editor-type-id="text-editor">
        <state vertical-scroll-proportion="0.0">
          <caret line="9" column="12" selection-start-line="9" selection-start-column="12" selection-end-line="9" selection-end-column="12" />
        </state>
      </provider>
    </entry>
    <entry file="file://$PROJECT_DIR$/wiki/overview.html">
      <provider selected="true" editor-type-id="text-editor">
        <state vertical-scroll-proportion="0.0">
          <caret line="9" column="12" selection-start-line="9" selection-start-column="12" selection-end-line="9" selection-end-column="12" />
        </state>
      </provider>
    </entry>
    <entry file="file://$PROJECT_DIR$/wiki/points.html">
      <provider selected="true" editor-type-id="text-editor">
        <state vertical-scroll-proportion="0.0">
          <caret line="9" column="12" selection-start-line="9" selection-start-column="12" selection-end-line="9" selection-end-column="12" />
        </state>
      </provider>
    </entry>
    <entry file="file://$PROJECT_DIR$/wiki/tanks.html">
      <provider selected="true" editor-type-id="text-editor">
        <state vertical-scroll-proportion="0.0">
          <caret line="9" column="12" selection-start-line="9" selection-start-column="12" selection-end-line="9" selection-end-column="12" />
        </state>
      </provider>
    </entry>
    <entry file="file://$PROJECT_DIR$/css/index-styles.css">
      <provider selected="true" editor-type-id="text-editor">
        <state vertical-scroll-proportion="0.0">
          <caret line="31" column="64" selection-start-line="31" selection-start-column="64" selection-end-line="31" selection-end-column="64" />
        </state>
      </provider>
    </entry>
    <entry file="file://$PROJECT_DIR$/wiki/bullets.html">
      <provider selected="true" editor-type-id="text-editor">
        <state vertical-scroll-proportion="0.0">
          <caret line="9" column="12" selection-start-line="9" selection-start-column="12" selection-end-line="9" selection-end-column="12" />
        </state>
      </provider>
    </entry>
    <entry file="file://$PROJECT_DIR$/wiki/collectibles.html">
      <provider selected="true" editor-type-id="text-editor">
        <state vertical-scroll-proportion="0.0">
          <caret line="7" column="24" selection-start-line="7" selection-start-column="24" selection-end-line="7" selection-end-column="24" />
        </state>
      </provider>
    </entry>
    <entry file="file://$PROJECT_DIR$/css/simple-sidebar.css">
      <provider selected="true" editor-type-id="text-editor">
        <state vertical-scroll-proportion="0.0">
          <caret line="123" column="15" selection-start-line="123" selection-start-column="15" selection-end-line="123" selection-end-column="15" />
          <folding />
        </state>
      </provider>
    </entry>
    <entry file="file://$PROJECT_DIR$/home.html">
      <provider selected="true" editor-type-id="text-editor">
        <state vertical-scroll-proportion="0.0">
          <caret line="84" column="77" selection-start-line="84" selection-start-column="77" selection-end-line="84" selection-end-column="77" />
          <folding>
            <element signature="n#style#0;n#h1#0;n#div#0;n#div#0;n#body#0;n#html#0;n#!!top" expanded="true" />
            <element signature="n#style#0;n#P#0;n#div#0;n#div#1;n#div#0;n#body#0;n#html#0;n#!!top" expanded="true" />
            <element signature="n#style#0;n#P#1;n#div#0;n#div#1;n#div#0;n#body#0;n#html#0;n#!!top" expanded="true" />
            <element signature="n#style#0;n#p#0;n#div#0;n#div#1;n#div#0;n#body#0;n#html#0;n#!!top" expanded="true" />
          </folding>
        </state>
      </provider>
    </entry>
    <entry file="file://$PROJECT_DIR$/info.html">
      <provider selected="true" editor-type-id="text-editor">
        <state vertical-scroll-proportion="0.0">
          <caret line="0" column="0" selection-start-line="0" selection-start-column="0" selection-end-line="0" selection-end-column="0" />
          <folding>
            <element signature="n#nav#0;n#body#0;n#html#0;n#!!top" expanded="false" />
          </folding>
        </state>
      </provider>
    </entry>
    <entry file="file://$PROJECT_DIR$/index.html">
      <provider selected="true" editor-type-id="text-editor">
        <state vertical-scroll-proportion="0.0">
          <caret line="37" column="0" selection-start-line="37" selection-start-column="0" selection-end-line="37" selection-end-column="0" />
          <folding />
        </state>
      </provider>
    </entry>
    <entry file="file://$PROJECT_DIR$/home.html">
      <provider selected="true" editor-type-id="text-editor">
        <state vertical-scroll-proportion="0.0">
          <caret line="0" column="0" selection-start-line="0" selection-start-column="0" selection-end-line="0" selection-end-column="0" />
          <folding>
            <element signature="n#style#0;n#h1#0;n#div#0;n#div#0;n#body#0;n#html#0;n#!!top" expanded="true" />
            <element signature="n#style#0;n#P#0;n#div#0;n#div#1;n#div#0;n#body#0;n#html#0;n#!!top" expanded="true" />
            <element signature="n#style#0;n#P#1;n#div#0;n#div#1;n#div#0;n#body#0;n#html#0;n#!!top" expanded="true" />
            <element signature="n#style#0;n#p#0;n#div#0;n#div#1;n#div#0;n#body#0;n#html#0;n#!!top" expanded="true" />
          </folding>
        </state>
      </provider>
    </entry>
    <entry file="file://$PROJECT_DIR$/gallery.html">
      <provider selected="true" editor-type-id="text-editor">
        <state vertical-scroll-proportion="0.0">
          <caret line="172" column="21" selection-start-line="172" selection-start-column="21" selection-end-line="172" selection-end-column="21" />
        </state>
      </provider>
    </entry>
    <entry file="file://$PROJECT_DIR$/wiki/points.html">
      <provider selected="true" editor-type-id="text-editor">
        <state vertical-scroll-proportion="0.0">
          <caret line="0" column="0" selection-start-line="0" selection-start-column="0" selection-end-line="0" selection-end-column="0" />
        </state>
      </provider>
    </entry>
    <entry file="file://$PROJECT_DIR$/index.html">
      <provider selected="true" editor-type-id="text-editor">
        <state vertical-scroll-proportion="0.0">
          <caret line="37" column="0" selection-start-line="37" selection-start-column="0" selection-end-line="37" selection-end-column="0" />
          <folding />
        </state>
      </provider>
    </entry>
    <entry file="file://$PROJECT_DIR$/gallery.html">
      <provider selected="true" editor-type-id="text-editor">
        <state vertical-scroll-proportion="0.0">
          <caret line="0" column="0" selection-start-line="0" selection-start-column="0" selection-end-line="0" selection-end-column="0" />
        </state>
      </provider>
    </entry>
    <entry file="file://$PROJECT_DIR$/info.html">
      <provider selected="true" editor-type-id="text-editor">
        <state vertical-scroll-proportion="0.0">
          <caret line="36" column="6" selection-start-line="36" selection-start-column="6" selection-end-line="36" selection-end-column="6" />
        </state>
      </provider>
    </entry>
    <entry file="file://$PROJECT_DIR$/home.html">
      <provider selected="true" editor-type-id="text-editor">
        <state vertical-scroll-proportion="0.0">
          <caret line="38" column="70" selection-start-line="38" selection-start-column="70" selection-end-line="38" selection-end-column="70" />
          <folding>
            <element signature="n#style#0;n#h1#0;n#div#0;n#div#0;n#body#0;n#html#0;n#!!top" expanded="true" />
            <element signature="n#style#0;n#P#0;n#div#0;n#div#1;n#div#0;n#body#0;n#html#0;n#!!top" expanded="true" />
            <element signature="n#style#0;n#P#1;n#div#0;n#div#1;n#div#0;n#body#0;n#html#0;n#!!top" expanded="true" />
            <element signature="n#style#0;n#p#0;n#div#0;n#div#1;n#div#0;n#body#0;n#html#0;n#!!top" expanded="true" />
          </folding>
        </state>
      </provider>
    </entry>
    <entry file="file://$PROJECT_DIR$/css/simple-sidebar.css">
      <provider selected="true" editor-type-id="text-editor">
        <state vertical-scroll-proportion="0.0">
          <caret line="0" column="0" selection-start-line="0" selection-start-column="0" selection-end-line="0" selection-end-column="0" />
        </state>
      </provider>
    </entry>
    <entry file="file://$PROJECT_DIR$/LICENSE">
      <provider selected="true" editor-type-id="text-editor">
        <state vertical-scroll-proportion="0.0">
          <caret line="0" column="0" selection-start-line="0" selection-start-column="0" selection-end-line="0" selection-end-column="0" />
        </state>
      </provider>
    </entry>
    <entry file="file://$PROJECT_DIR$/README.md">
      <provider selected="true" editor-type-id="text-editor">
        <state vertical-scroll-proportion="0.0">
          <caret line="0" column="0" selection-start-line="0" selection-start-column="0" selection-end-line="0" selection-end-column="0" />
        </state>
      </provider>
    </entry>
    <entry file="file://$PROJECT_DIR$/js/jquery.js">
      <provider selected="true" editor-type-id="text-editor">
        <state vertical-scroll-proportion="0.0">
          <caret line="0" column="0" selection-start-line="0" selection-start-column="0" selection-end-line="0" selection-end-column="0" />
        </state>
      </provider>
    </entry>
    <entry file="file://$PROJECT_DIR$/img/logo_symbol.png">
      <provider selected="true" editor-type-id="images">
        <state />
      </provider>
    </entry>
    <entry file="file://$PROJECT_DIR$/img/logo_brand.png">
      <provider selected="true" editor-type-id="images">
        <state />
      </provider>
    </entry>
    <entry file="file://$PROJECT_DIR$/about.html">
      <provider selected="true" editor-type-id="text-editor">
        <state vertical-scroll-proportion="0.68533033">
          <caret line="36" column="19" selection-start-line="36" selection-start-column="19" selection-end-line="36" selection-end-column="19" />
        </state>
      </provider>
    </entry>
    <entry file="file://$PROJECT_DIR$/css/bootstrap.css">
      <provider selected="true" editor-type-id="text-editor">
        <state vertical-scroll-proportion="0.33297062">
          <caret line="18" column="6" selection-start-line="18" selection-start-column="6" selection-end-line="18" selection-end-column="6" />
        </state>
      </provider>
    </entry>
    <entry file="file://$PROJECT_DIR$/css/bootstrap.min.css">
      <provider selected="true" editor-type-id="text-editor">
        <state vertical-scroll-proportion="0.0">
          <caret line="0" column="0" selection-start-line="0" selection-start-column="0" selection-end-line="0" selection-end-column="0" />
        </state>
      </provider>
    </entry>
    <entry file="file://$PROJECT_DIR$/gallery.html">
      <provider selected="true" editor-type-id="text-editor">
        <state vertical-scroll-proportion="0.0">
          <caret line="172" column="21" selection-start-line="172" selection-start-column="21" selection-end-line="172" selection-end-column="21" />
        </state>
      </provider>
    </entry>
    <entry file="file://$PROJECT_DIR$/wiki/obstacles.html">
      <provider selected="true" editor-type-id="text-editor">
        <state vertical-scroll-proportion="0.0">
          <caret line="9" column="12" selection-start-line="9" selection-start-column="12" selection-end-line="9" selection-end-column="12" />
        </state>
      </provider>
    </entry>
    <entry file="file://$PROJECT_DIR$/wiki/overview.html">
      <provider selected="true" editor-type-id="text-editor">
        <state vertical-scroll-proportion="0.25888324">
          <caret line="9" column="12" selection-start-line="9" selection-start-column="12" selection-end-line="9" selection-end-column="12" />
        </state>
      </provider>
    </entry>
    <entry file="file://$PROJECT_DIR$/wiki/points.html">
      <provider selected="true" editor-type-id="text-editor">
        <state vertical-scroll-proportion="0.25888324">
          <caret line="9" column="12" selection-start-line="9" selection-start-column="12" selection-end-line="9" selection-end-column="12" />
        </state>
      </provider>
    </entry>
    <entry file="file://$PROJECT_DIR$/wiki/tanks.html">
      <provider selected="true" editor-type-id="text-editor">
        <state vertical-scroll-proportion="0.07952622">
          <caret line="9" column="12" selection-start-line="9" selection-start-column="12" selection-end-line="9" selection-end-column="12" />
        </state>
      </provider>
    </entry>
    <entry file="file://$PROJECT_DIR$/wiki/game_ending.html">
      <provider selected="true" editor-type-id="text-editor">
        <state vertical-scroll-proportion="0.34517765">
          <caret line="12" column="3" selection-start-line="12" selection-start-column="0" selection-end-line="12" selection-end-column="3" />
        </state>
      </provider>
    </entry>
    <entry file="file://$PROJECT_DIR$/info/client/moving_shooting.html">
      <provider selected="true" editor-type-id="text-editor">
        <state vertical-scroll-proportion="-2.6153846">
          <caret line="4" column="19" selection-start-line="4" selection-start-column="19" selection-end-line="9" selection-end-column="12" />
        </state>
      </provider>
    </entry>
    <entry file="file://$PROJECT_DIR$/info/server/acquiring _coins.html">
      <provider selected="true" editor-type-id="text-editor">
        <state vertical-scroll-proportion="-5.8846154">
          <caret line="9" column="12" selection-start-line="9" selection-start-column="12" selection-end-line="9" selection-end-column="12" />
        </state>
      </provider>
    </entry>
    <entry file="file://$PROJECT_DIR$/info/server/acquiring_life_packs.html">
      <provider selected="true" editor-type-id="text-editor">
        <state vertical-scroll-proportion="-5.8846154">
          <caret line="9" column="12" selection-start-line="9" selection-start-column="12" selection-end-line="9" selection-end-column="12" />
        </state>
      </provider>
    </entry>
    <entry file="file://$PROJECT_DIR$/info/server/game_initiation.html">
      <provider selected="true" editor-type-id="text-editor">
        <state vertical-scroll-proportion="-5.8846154">
          <caret line="9" column="12" selection-start-line="9" selection-start-column="12" selection-end-line="9" selection-end-column="12" />
        </state>
      </provider>
    </entry>
    <entry file="file://$PROJECT_DIR$/info/server/game_joining.html">
      <provider selected="true" editor-type-id="text-editor">
        <state vertical-scroll-proportion="-5.8846154">
          <caret line="9" column="12" selection-start-line="9" selection-start-column="12" selection-end-line="9" selection-end-column="12" />
        </state>
      </provider>
    </entry>
    <entry file="file://$PROJECT_DIR$/info/server/game_progression.html">
      <provider selected="true" editor-type-id="text-editor">
        <state vertical-scroll-proportion="-5.8846154">
          <caret line="9" column="12" selection-start-line="9" selection-start-column="12" selection-end-line="9" selection-end-column="12" />
        </state>
      </provider>
    </entry>
    <entry file="file://$PROJECT_DIR$/info/server/architecture.html">
      <provider selected="true" editor-type-id="text-editor">
        <state vertical-scroll-proportion="0.0">
          <caret line="13" column="85" selection-start-line="13" selection-start-column="85" selection-end-line="13" selection-end-column="85" />
          <folding />
        </state>
      </provider>
    </entry>
    <entry file="file://$PROJECT_DIR$/index.html">
      <provider selected="true" editor-type-id="text-editor">
        <state vertical-scroll-proportion="0.0">
          <caret line="28" column="7" selection-start-line="28" selection-start-column="7" selection-end-line="28" selection-end-column="7" />
          <folding />
        </state>
      </provider>
    </entry>
    <entry file="file://$PROJECT_DIR$/wiki/bullets.html">
      <provider selected="true" editor-type-id="text-editor">
        <state vertical-scroll-proportion="0.14382403">
          <caret line="5" column="0" selection-start-line="5" selection-start-column="0" selection-end-line="9" selection-end-column="12" />
          <folding />
        </state>
      </provider>
    </entry>
    <entry file="file://$PROJECT_DIR$/wiki/collectibles.html">
      <provider selected="true" editor-type-id="text-editor">
        <state vertical-scroll-proportion="-0.0">
          <caret line="0" column="0" selection-start-line="0" selection-start-column="0" selection-end-line="11" selection-end-column="6" />
          <folding />
        </state>
      </provider>
    </entry>
    <entry file="file://$PROJECT_DIR$/css/simple-sidebar.css">
      <provider selected="true" editor-type-id="text-editor">
        <state vertical-scroll-proportion="0.7520259">
          <caret line="69" column="23" selection-start-line="69" selection-start-column="17" selection-end-line="69" selection-end-column="23" />
          <folding />
        </state>
      </provider>
    </entry>
    <entry file="file://$PROJECT_DIR$/wiki/default.html">
      <provider selected="true" editor-type-id="text-editor">
        <state vertical-scroll-proportion="-3.9230769">
          <caret line="6" column="14" selection-start-line="6" selection-start-column="14" selection-end-line="6" selection-end-column="14" />
          <folding />
        </state>
      </provider>
    </entry>
    <entry file="file://$PROJECT_DIR$/css/index-styles.css">
      <provider selected="true" editor-type-id="text-editor">
        <state vertical-scroll-proportion="0.33333334">
          <caret line="21" column="5" selection-start-line="21" selection-start-column="1" selection-end-line="21" selection-end-column="5" />
          <folding />
        </state>
      </provider>
    </entry>
    <entry file="file://$PROJECT_DIR$/home.html">
      <provider selected="true" editor-type-id="text-editor">
        <state vertical-scroll-proportion="-13.576923">
          <caret line="90" column="58" selection-start-line="90" selection-start-column="58" selection-end-line="90" selection-end-column="58" />
          <folding>
            <element signature="n#style#0;n#h1#0;n#div#0;n#div#0;n#body#0;n#html#0;n#!!top" expanded="true" />
            <element signature="n#style#0;n#P#0;n#div#0;n#div#1;n#div#0;n#body#0;n#html#0;n#!!top" expanded="true" />
            <element signature="n#style#0;n#P#1;n#div#0;n#div#1;n#div#0;n#body#0;n#html#0;n#!!top" expanded="true" />
            <element signature="n#style#0;n#p#0;n#div#0;n#div#1;n#div#0;n#body#0;n#html#0;n#!!top" expanded="true" />
          </folding>
        </state>
      </provider>
    </entry>
    <entry file="file://$PROJECT_DIR$/info/default.html">
      <provider selected="true" editor-type-id="text-editor">
        <state vertical-scroll-proportion="-7.8461537">
          <caret line="12" column="71" selection-start-line="12" selection-start-column="71" selection-end-line="12" selection-end-column="71" />
          <folding />
        </state>
      </provider>
    </entry>
    <entry file="file://$PROJECT_DIR$/wiki.html">
      <provider selected="true" editor-type-id="text-editor">
        <state vertical-scroll-proportion="-12.538462">
          <caret line="67" column="17" selection-start-line="67" selection-start-column="17" selection-end-line="67" selection-end-column="17" />
          <folding />
        </state>
      </provider>
    </entry>
    <entry file="file://$PROJECT_DIR$/info.html">
      <provider selected="true" editor-type-id="text-editor">
        <state vertical-scroll-proportion="0.5972927">
          <caret line="25" column="0" selection-start-line="25" selection-start-column="0" selection-end-line="25" selection-end-column="0" />
          <folding>
            <element signature="n#nav#0;n#body#0;n#html#0;n#!!top" expanded="false" />
          </folding>
        </state>
      </provider>
    </entry>
  </component>
  <component name="masterDetails">
    <states>
      <state key="ScopeChooserConfigurable.UI">
        <settings>
          <splitter-proportions>
            <option name="proportions">
              <list>
                <option value="0.2" />
              </list>
            </option>
          </splitter-proportions>
        </settings>
      </state>
    </states>
  </component>
</project>